{"generatedAt":"2026-04-16T03:36:28.564468Z","trainRecords":41698,"featureCount":72,"model":"GradientBoosting(n=200,lr=0.05,depth=3)","scores":{"1-1-1":0.00426329,"1-1-2":0.004296,"1-1-3":0.0038475,"1-1-4":0.00489865,"1-1-5":0.00515318,"1-1-6":0.00393297,"1-2-1":0.00445813,"1-2-2":0.00449235,"1-2-3":0.00402334,"1-2-4":0.00512253,"1-2-5":0.0053887,"1-2-6":0.00411273,"1-3-1":0.00463725,"1-3-2":0.00467284,"1-3-3":0.00418499,"1-3-4":0.00532834,"1-3-5":0.00560521,"1-3-6":0.00427796,"1-4-1":0.00554564,"1-4-2":0.0055882,"1-4-3":0.00500479,"1-4-4":0.00637211,"1-4-5":0.00670321,"1-4-6":0.00511597,"1-5-1":0.00403552,"1-5-2":0.00406649,"1-5-3":0.00364195,"1-5-4":0.00463694,"1-5-5":0.00487788,"1-5-6":0.00372286,"1-6-1":0.0056292,"1-6-2":0.0056724,"1-6-3":0.0050802,"1-6-4":0.00646812,"1-6-5":0.00680421,"1-6-6":0.00519306,"2-1-1":0.003169,"2-1-2":0.00319332,"2-1-3":0.00285994,"2-1-4":0.00364128,"2-1-5":0.00383048,"2-1-6":0.00292347,"2-2-1":0.00331384,"2-2-2":0.00333927,"2-2-3":0.00299065,"2-2-4":0.0038077,"2-2-5":0.00400555,"2-2-6":0.00305709,"2-3-1":0.00344698,"2-3-2":0.00347343,"2-3-3":0.0031108,"2-3-4":0.00396068,"2-3-5":0.00416648,"2-3-6":0.00317991,"2-4-1":0.0041222,"2-4-2":0.00415384,"2-4-3":0.00372018,"2-4-4":0.00473654,"2-4-5":0.00498265,"2-4-6":0.00380282,"2-5-1":0.0029997,"2-5-2":0.00302272,"2-5-3":0.00270715,"2-5-4":0.00344675,"2-5-5":0.00362584,"2-5-6":0.00276729,"2-6-1":0.00418432,"2-6-2":0.00421643,"2-6-3":0.00377623,"2-6-4":0.00480791,"2-6-5":0.00505773,"2-6-6":0.00386012,"3-1-1":0.00492373,"3-1-2":0.00496152,"3-1-3":0.00444353,"3-1-4":0.00565752,"3-1-5":0.00595148,"3-1-6":0.00454225,"3-2-1":0.00514877,"3-2-2":0.00518828,"3-2-3":0.00464662,"3-2-4":0.00591609,"3-2-5":0.00622349,"3-2-6":0.00474985,"3-3-1":0.00535563,"3-3-2":0.00539673,"3-3-3":0.00483331,"3-3-4":0.00615378,"3-3-5":0.00647353,"3-3-6":0.00494068,"3-4-1":0.00640474,"3-4-2":0.00645389,"3-4-3":0.0057801,"3-4-4":0.00735924,"3-4-5":0.00774163,"3-4-6":0.00590851,"3-5-1":0.00466069,"3-5-2":0.00469645,"3-5-3":0.00420614,"3-5-4":0.00535527,"3-5-5":0.00563353,"3-5-6":0.00429958,"3-6-1":0.00650125,"3-6-2":0.00655114,"3-6-3":0.00586719,"3-6-4":0.00747013,"3-6-5":0.00785828,"3-6-6":0.00599754,"4-1-1":0.00404588,"4-1-2":0.00407692,"4-1-3":0.00365129,"4-1-4":0.00464883,"4-1-5":0.00489039,"4-1-6":0.00373241,"4-2-1":0.00423079,"4-2-2":0.00426326,"4-2-3":0.00381817,"4-2-4":0.0048613,"4-2-5":0.0051139,"4-2-6":0.00390299,"4-3-1":0.00440077,"4-3-2":0.00443454,"4-3-3":0.00397157,"4-3-4":0.00505662,"4-3-5":0.00531936,"4-3-6":0.0040598,"4-4-1":0.00526283,"4-4-2":0.00530322,"4-4-3":0.00474956,"4-4-4":0.00604716,"4-4-5":0.00636137,"4-4-6":0.00485508,"4-5-1":0.00382973,"4-5-2":0.00385912,"4-5-3":0.00345622,"4-5-4":0.00440047,"4-5-5":0.00462912,"4-5-6":0.00353301,"4-6-1":0.00534213,"4-6-2":0.00538313,"4-6-3":0.00482113,"4-6-4":0.00613827,"4-6-5":0.00645722,"4-6-6":0.00492823,"5-1-1":0.00362202,"5-1-2":0.00364982,"5-1-3":0.00326878,"5-1-4":0.00416181,"5-1-5":0.00437806,"5-1-6":0.00334139,"5-2-1":0.00378756,"5-2-2":0.00381663,"5-2-3":0.00341817,"5-2-4":0.00435202,"5-2-5":0.00457816,"5-2-6":0.00349411,"5-3-1":0.00393974,"5-3-2":0.00396997,"5-3-3":0.0035555,"5-3-4":0.00452688,"5-3-5":0.0047621,"5-3-6":0.00363449,"5-4-1":0.00471149,"5-4-2":0.00474765,"5-4-3":0.00425199,"5-4-4":0.00541365,"5-4-5":0.00569494,"5-4-6":0.00434645,"5-5-1":0.00342852,"5-5-2":0.00345483,"5-5-3":0.00309414,"5-5-4":0.00393947,"5-5-5":0.00414417,"5-5-6":0.00316288,"5-6-1":0.00478248,"5-6-2":0.00481918,"5-6-3":0.00431606,"5-6-4":0.00549522,"5-6-5":0.00578075,"5-6-6":0.00441194,"6-1-1":0.00408223,"6-1-2":0.00411356,"6-1-3":0.0036841,"6-1-4":0.00469061,"6-1-5":0.00493434,"6-1-6":0.00376595,"6-2-1":0.00426881,"6-2-2":0.00430157,"6-2-3":0.00385248,"6-2-4":0.00490499,"6-2-5":0.00515986,"6-2-6":0.00393807,"6-3-1":0.00444032,"6-3-2":0.00447439,"6-3-3":0.00400726,"6-3-4":0.00510206,"6-3-5":0.00536717,"6-3-6":0.00409629,"6-4-1":0.00531013,"6-4-2":0.00535088,"6-4-3":0.00479225,"6-4-4":0.0061015,"6-4-5":0.00641854,"6-4-6":0.00489871,"6-5-1":0.00386415,"6-5-2":0.0038938,"6-5-3":0.00348728,"6-5-4":0.00444002,"6-5-5":0.00467073,"6-5-6":0.00356476,"6-6-1":0.00539014,"6-6-2":0.00543151,"6-6-3":0.00486445,"6-6-4":0.00619344,"6-6-5":0.00651525,"6-6-6":0.00497252}}