{"generatedAt":"2026-04-13T07:25:31.732011Z","trainRecords":1016,"featureCount":64,"model":"GradientBoosting(n=200,lr=0.05,depth=3)","scores":{"1-1-1":0.00239683,"1-1-2":0.00834529,"1-1-3":0.02273575,"1-1-4":0.00180368,"1-1-5":0.00230133,"1-1-6":0.00217772,"1-2-1":0.0025041,"1-2-2":0.00871879,"1-2-3":0.0237533,"1-2-4":0.00188441,"1-2-5":0.00240433,"1-2-6":0.00227518,"1-3-1":0.00209882,"1-3-2":0.00730766,"1-3-3":0.01990884,"1-3-4":0.00157942,"1-3-5":0.00201519,"1-3-6":0.00190695,"1-4-1":0.01035765,"1-4-2":0.03606327,"1-4-3":0.09825005,"1-4-4":0.00779441,"1-4-5":0.00994497,"1-4-6":0.00941077,"1-5-1":0.00418304,"1-5-2":0.01456452,"1-5-3":0.03967927,"1-5-4":0.00314785,"1-5-5":0.00401637,"1-5-6":0.00380063,"1-6-1":0.0020038,"1-6-2":0.00697683,"1-6-3":0.01900754,"1-6-4":0.00150791,"1-6-5":0.00192396,"1-6-6":0.00182062,"2-1-1":0.0006443,"2-1-2":0.00224331,"2-1-3":0.00611163,"2-1-4":0.00048485,"2-1-5":0.00061862,"2-1-6":0.0005854,"2-2-1":0.00067313,"2-2-2":0.00234371,"2-2-3":0.00638516,"2-2-4":0.00050655,"2-2-5":0.00064631,"2-2-6":0.00061159,"2-3-1":0.00056419,"2-3-2":0.00196438,"2-3-3":0.00535172,"2-3-4":0.00042457,"2-3-5":0.00054171,"2-3-6":0.00051261,"2-4-1":0.00278425,"2-4-2":0.00969422,"2-4-3":0.02641073,"2-4-4":0.00209523,"2-4-5":0.00267332,"2-4-6":0.00252972,"2-5-1":0.00112445,"2-5-2":0.00391511,"2-5-3":0.01066624,"2-5-4":0.00084618,"2-5-5":0.00107965,"2-5-6":0.00102165,"2-6-1":0.00053864,"2-6-2":0.00187545,"2-6-3":0.00510944,"2-6-4":0.00040534,"2-6-5":0.00051718,"2-6-6":0.0004894,"3-1-1":0.00053819,"3-1-2":0.00187389,"3-1-3":0.00510518,"3-1-4":0.00040501,"3-1-5":0.00051675,"3-1-6":0.00048899,"3-2-1":0.00056228,"3-2-2":0.00195775,"3-2-3":0.00533366,"3-2-4":0.00042313,"3-2-5":0.00053988,"3-2-6":0.00051088,"3-3-1":0.00047128,"3-3-2":0.00164089,"3-3-3":0.00447041,"3-3-4":0.00035465,"3-3-5":0.0004525,"3-3-6":0.00042819,"3-4-1":0.00232575,"3-4-2":0.0080978,"3-4-3":0.02206148,"3-4-4":0.00175019,"3-4-5":0.00223308,"3-4-6":0.00211313,"3-5-1":0.00093928,"3-5-2":0.00327038,"3-5-3":0.00890975,"3-5-4":0.00070683,"3-5-5":0.00090185,"3-5-6":0.00085341,"3-6-1":0.00044994,"3-6-2":0.00156661,"3-6-3":0.00426803,"3-6-4":0.00033859,"3-6-5":0.00043201,"3-6-6":0.00040881,"4-1-1":0.00071428,"4-1-2":0.00248699,"4-1-3":0.0067755,"4-1-4":0.00053752,"4-1-5":0.00068582,"4-1-6":0.00064898,"4-2-1":0.00074625,"4-2-2":0.00259829,"4-2-3":0.00707874,"4-2-4":0.00056157,"4-2-5":0.00071652,"4-2-6":0.00067803,"4-3-1":0.00062547,"4-3-2":0.00217776,"4-3-3":0.00593305,"4-3-4":0.00047068,"4-3-5":0.00060055,"4-3-6":0.00056829,"4-4-1":0.00308669,"4-4-2":0.01074725,"4-4-3":0.02927958,"4-4-4":0.00232282,"4-4-5":0.00296371,"4-4-6":0.00280451,"4-5-1":0.00124659,"4-5-2":0.00434038,"4-5-3":0.01182485,"4-5-4":0.00093809,"4-5-5":0.00119692,"4-5-6":0.00113263,"4-6-1":0.00059715,"4-6-2":0.00207917,"4-6-3":0.00566445,"4-6-4":0.00044937,"4-6-5":0.00057336,"4-6-6":0.00054256,"5-1-1":0.0007859,"5-1-2":0.00273636,"5-1-3":0.00745489,"5-1-4":0.00059141,"5-1-5":0.00075459,"5-1-6":0.00071406,"5-2-1":0.00082108,"5-2-2":0.00285883,"5-2-3":0.00778853,"5-2-4":0.00061788,"5-2-5":0.00078836,"5-2-6":0.00074602,"5-3-1":0.00068819,"5-3-2":0.00239613,"5-3-3":0.00652796,"5-3-4":0.00051788,"5-3-5":0.00066077,"5-3-6":0.00062527,"5-4-1":0.0033962,"5-4-2":0.01182488,"5-4-3":0.03221548,"5-4-4":0.00255573,"5-4-5":0.00326088,"5-4-6":0.00308572,"5-5-1":0.00137159,"5-5-2":0.0047756,"5-5-3":0.01301055,"5-5-4":0.00103216,"5-5-5":0.00131694,"5-5-6":0.0012462,"5-6-1":0.00065703,"5-6-2":0.00228765,"5-6-3":0.00623243,"5-6-4":0.00049443,"5-6-5":0.00063085,"5-6-6":0.00059697,"6-1-1":0.00105723,"6-1-2":0.00368106,"6-1-3":0.01002861,"6-1-4":0.00079559,"6-1-5":0.00101511,"6-1-6":0.00096058,"6-2-1":0.00110455,"6-2-2":0.00384581,"6-2-3":0.01047745,"6-2-4":0.0008312,"6-2-5":0.00106054,"6-2-6":0.00100357,"6-3-1":0.00092578,"6-3-2":0.00322337,"6-3-3":0.00878168,"6-3-4":0.00069667,"6-3-5":0.00088889,"6-3-6":0.00084114,"6-4-1":0.0045687,"6-4-2":0.01590731,"6-4-3":0.04333755,"6-4-4":0.00343807,"6-4-5":0.00438667,"6-4-6":0.00415104,"6-5-1":0.00184512,"6-5-2":0.00642433,"6-5-3":0.01750231,"6-5-4":0.0013885,"6-5-5":0.0017716,"6-5-6":0.00167644,"6-6-1":0.00088386,"6-6-2":0.00307744,"6-6-3":0.00838412,"6-6-4":0.00066513,"6-6-5":0.00084865,"6-6-6":0.00080306}}